id,prompt,topic,topic_score,plain_output,dual_watermarked_output,layer1_only_output,layer2_only_output
0,"The new AI chip announced this week runs twice as fast as the previous generation while drawing far less power, and analysts say its improved memory bandwidth could reshape the entire market for data center hardware.",technology,0.2887,"The new AI chip announced this week runs twice as fast as the previous generation while drawing far less power, and analysts say its improved memory bandwidth could reshape the entire market for data center hardware.

Called the IBM BlueGene/Q, the new chip's new architecture features 16 billion transistors and, for the first time, comes with a built-in memory controller. The result is a chip that is four times more powerful than the previous generation, while consuming half the power.

That power savings will come in handy for Big Blue, which has struggled with a lackluster PC business in recent years. The company reported this week that it has sold fewer than half as many PCs this quarter as it did a year ago, despite having the world's largest manufacturing plant, one that produces over 30,000 PCs a day.

""BlueGene/Q really represents a fundamental improvement to IBM's competitive position in the server market,"" said Mike Bell, director of research for Gartner.

The chip's new memory controller is also ""a first for IBM,"" Bell said, as it is the first time a server has been able to provide enough memory bandwidth to perform","The new AI chip announced this week runs twice as fast as the previous generation while drawing far less power, and analysts say its improved memory bandwidth could reshape the entire market for data center hardware.

Intel introduced the Xeon Scalable Processor on Monday, which uses two different versions of the same 28nm fabrication technology that’s used on the processors the company has been manufacturing for the past four years. The Xeon Scalable Processor is the latest version of the Xeon processor designed to run faster, be better integrated with a host computer and, in the case of the Xeon processor the company introduced Monday, be faster than the 28nm architecture.

“Xeon processors have been really on the cutting edge,” says David Bishop, vice president of technology architecture at research and advisory firm Directions on Microsoft. “But what Intel has done is fundamentally change what they’re doing.”

Intel uses the architecture called “Cascade Lake” on the Xeon processors. That architecture uses two different manufacturing technologies. The older architecture, named “Lake Shore,” uses the 28nm fabrication technology, while the Cascade Lake architecture uses the older 22nm","The new AI chip announced this week runs twice as fast as the previous generation while drawing far less power, and analysts say its improved memory bandwidth could reshape the entire market for data center hardware.

Intel has spent the last two years developing what it describes as the most advanced deep learning chip on the market, which the company previewed on Monday. The chip, which was named the ""Ponte Vecchio,"" runs on two independent processors that work together on deep learning workloads. The two processors work together in a sort of ""cloud on a chip,"" using Intel's Xeon processors. That means the two processors share memory and processing. The Ponte Vecchio breaks new ground on the architecture of deep learning chips.

The two processors also work closely together, and Intel said that the two processors share the same network. That network effectively enables the two processors to work on deep learning workloads.

""These two processors work together on the same network,"" Intel CEO Brian Krzanich said during the company's second quarter earnings call on Tuesday. ""This network effectively enables the two processors to work on the same deep learning workloads.

""This is unique architecture,""","The new AI chip announced this week runs twice as fast as the previous generation while drawing far less power, and analysts say its improved memory bandwidth could reshape the entire market for data center hardware.

Qualcomm announced the Snapdragon 835 system-on-chip Tuesday, the second major launch from the San Diego company this year. In addition to the 835, the company also launched the Snapdragon X16 LTE modem and the Adreno 540 GPU.

Compared to the Snapdragon 835, which Qualcomm is marketing as a ""tremendous leap forward,"" the Snapdragon 845 ""is really more of an evolutionary improvement, which is what I think we needed,"" said Dave McCarthy, VP and principal analyst for Enterprise Strategy Group, a consultancy firm.

While the Snapdragon 835 was widely praised for its performance, and its new low-power design enabled it to pack more performance into the same size package, the new chips also bring with them many benefits, including support for 4K video playback and 4K HDR. The new chips are also faster and more efficient in some cases than the previous generation.

The Snapdragon 845 also promises to be more energy efficient, because"
1,"Doctors tested the new vaccine across three hospitals last winter, enrolling thousands of volunteers in a randomized trial that carefully tracked side effects and antibody levels for six months after the final dose.",history,0.2502,"Doctors tested the new vaccine across three hospitals last winter, enrolling thousands of volunteers in a randomized trial that carefully tracked side effects and antibody levels for six months after the final dose. The results of the study were published last week in the New England Journal of Medicine, and they were promising.

The vaccine induced strong antibody responses in older adults, including a 93 percent rise in antibody levels within three weeks, and in the elderly in all three arms of the trial. The immune responses in younger adults were also strong, with responses seen in 88 percent of volunteers 18 to 64 years old.

AD

AD

“The results we’ve seen so far are pretty impressive,” Dr. William Schaffner, an infectious-disease specialist at Vanderbilt University Medical Center, said in an interview with The Washington Post. “We know that most people develop antibodies to the flu vaccine. The question is, how well?”

Schaffner, who is on the FDA’s vaccine advisory committee, said that he was not familiar with the new study but that if the study results were true, it would be another","Doctors tested the new vaccine across three hospitals last winter, enrolling thousands of volunteers in a randomized trial that carefully tracked side effects and antibody levels for six months after the final dose. The early data from that trial indicated that the vaccine could be safely given as early as six months after the second shot, Dr. Paul Offit, director of the Vaccine Education Center at Children's Hospital of Philadelphia, told STAT.
The results of that vaccine trial were reported in January and are currently under peer review, but Pfizer could present them as soon as this week at the annual conference of the Society of Immunology, Dr. Offit said.
Pfizer has already filed its Phase III data with the Food and Drug Administration. It expects to request emergency use authorization in late August or early September, he said.
""We know that we are in a pandemic and that many people want the vaccine as soon as possible,"" Pfizer's Albert Bourla wrote in an email. ""The more data we can present to regulators, the sooner lives will be saved.""
Pfizer is currently manufacturing enough doses of the vaccine to vaccinate about 50 million people by year","Doctors tested the new vaccine across three hospitals last winter, enrolling thousands of volunteers in a randomized trial that carefully tracked side effects and antibody levels for six months after the final dose.

The vaccine is now being tested in more than 10,000 people in many countries in hopes of defeating this year’s flu. It has not yet been given the clearance to be sold.

Early results look promising, Dr. Eric Topol, a leading immunologist, said on Thursday.

The vaccine, known as Fluad, works by stimulating the immune system through the same kind of viral infection that naturally triggers flu. It is made with weakened or killed influenza virus that researchers have genetically modified so that it can no longer multiply in people’s bodies.

This year’s flu vaccine was not as effective as last year’s, but overall more Americans are getting immunized as a result of that bad flu season. Many people also seem to be staying home from work or school when sick and, as a result, more of them are also testing positive for the flu.

The annual vaccination program will continue through fall. But any","Doctors tested the new vaccine across three hospitals last winter, enrolling thousands of volunteers in a randomized trial that carefully tracked side effects and antibody levels for six months after the final dose.

On Friday, the Centers for Disease Control and Prevention announced that the vaccine had been cleared for use in the United States. The move came after months of debate over whether a second shot of the vaccine — which is made using a weakened version of the virus — was necessary.

The vaccine will be administered at all three centers in the coming weeks. A nationwide rollout of the vaccine will follow.

So far, none of the six patients at Mass General have experienced any serious side effects, doctors said. Two, including one who took two shots, have been fully vaccinated. They have not been allowed to leave the facility for exercise or other activities.

For now, the CDC advises people with a history of allergic reactions to do some research before getting the shot.

“This is the first step in a long process of development and manufacturing the vaccine,” said Dr. Dan Barouch, an infectious disease specialist and the lead author of the study. “"
2,"The cricket team chased down 280 runs in the final match and won the trophy on the very last ball, capping a tournament full of close finishes and record-breaking batting performances from younger players.",history,0.2683,"The cricket team chased down 280 runs in the final match and won the trophy on the very last ball, capping a tournament full of close finishes and record-breaking batting performances from younger players. This success is the culmination of the past 18 months, where the team has trained hard and sacrificed to make their dreams a reality.

This article aims to provide an overview of the achievements made by this team and highlight how their success has helped to build confidence amongst younger players, and ultimately build the future of the game in Sri Lanka.

History of Sri Lanka cricket

Although there is no written history of Sri Lanka cricket, some of the earliest evidence of cricket can be found on the rocks of Palau Island (now Palau). Evidence of playing cricket from the 12th century has been found, which is likely to date back to the island’s pre-historic history. Although there was no written record of the game in Palau, it was later introduced to the Solomon Islands by the Dutch. This game is known today as polo, an ancient form of team sport that dates back to pre-history.

Polo is very similar to the game of cricket","The cricket team chased down 280 runs in the final match and won the trophy on the very last ball, capping a tournament full of close finishes and record-breaking batting performances from younger players.

There were fireworks at lunch as India took India to lunch at 280-5, chasing down England’s first innings of 378.

The team was a combined one year older than England, the average age of India’s team being 22 years, three months and 10 days, compared to 23 for England.

The India-England Test series had started with India claiming an opening test win at Chennai and India’s youngest ever captain, 19 year-old Shikhar Dhawan, breaking Sachin Tendulkar’s record as the youngest captain to lead India to an opening Test win. Both sides were then in India before the tour came to an end. India finished as favourites to win the series after India’s recent form as well as a lack of familiarity between England’s top order and India’s bowlers. India’s record opening partnership of 250 was bettered three more times during the series. India were","The cricket team chased down 280 runs in the final match and won the trophy on the very last ball, capping a tournament full of close finishes and record-breaking batting performances from younger players.

The World T20, the continent’s major annual cricket tournament, takes place in India every three years and Australia’s men’s team won this year’s competition after beating India in a nailbiting final on Sunday.

The final day of the 10-team competition saw Australia chase down a total of 280 runs set by India, with captain Brad Haddin taking on Sachin Tendulkar with Australia needing just nine more runs. Haddin and Sachin Tendulkar faced each other 10 times in one-day cricket and nine times in T20s, so the history was there for everyone to see as Australia won the match by two runs in a dramatic finish.

The victory was Australia’s second T20 title of the year after they beat India in the inaugural Twenty20 World Championship Final earlier this year. The victory in India saw Australia break a world record set by England in 2009 by winning the T20 title after nine","The cricket team chased down 280 runs in the final match and won the trophy on the very last ball, capping a tournament full of close finishes and record-breaking batting performances from younger players.

The victory has been widely welcomed, but some critics are still sceptical of the value of cricket’s new World Cup format, and whether it will work for England at future tournaments.

Although it was the first men’s World Cup to be hosted on this scale, the 50-over format has been contested at every major tournament since the World Cup’s inception.

The tournament is normally contested in eight-team groups of three teams, and the top two from each group qualify for the final tournament. The other four teams compete in a separate knockout tournament, and the eight-team winners of this are then given the opportunity to challenge for the title.

The first World Cup in 1970 was the first to feature this format, in which Australia beat Pakistan in the final by six runs.

Since then, this format has been used in one of every five tournaments, with the World Cup held every two years.

Although the format has"
3,"The government passed a controversial new law just before the election, and the opposition immediately challenged it in court, arguing that the rushed midnight vote ignored decades of constitutional precedent.",history,0.2734,"The government passed a controversial new law just before the election, and the opposition immediately challenged it in court, arguing that the rushed midnight vote ignored decades of constitutional precedent.

The bill's passage marked an unprecedented shift by Prime Minister Justin Trudeau's Liberal government, which had campaigned on a promise to legalize marijuana by July 1, 2018.

But the party had been reluctant to do so, and had taken legal advice that it couldn't do so without violating the constitutional ban on the government making any changes to the Canada Elections Act, which governs election law.

On Oct. 15, a judge in a case involving the same Elections Act asked the federal court to rule on the law, and the judge is still considering his decision.

On Friday, the government asked the court for permission to appeal.

If the law is not appealed by Oct. 31, the Conservatives said, they will ask the court to rule on the law, which they argue violates the separation of powers.","The government passed a controversial new law just before the election, and the opposition immediately challenged it in court, arguing that the rushed midnight vote ignored decades of constitutional precedent. The courts agreed and annulled the law last week. The government is now scrambling to pass an even more expansive law that could dramatically expand the powers of the ministry.

Newly re-elected Prime Minister Justin Trudeau and Attorney General Jody Wilson-Raybould met behind closed doors in the Prime Minister’s Office Friday afternoon to discuss the new legislation. No details have emerged so far as to which bill the Attorney General may recommend the government use as the legal framework, or when the legislation could pass through Parliament.

The Conservatives’ promise that they would repeal the government’s controversial anti-protest law came as part of their party’s election platform.

We saw that as a real focus of Conservative voters. It was a real focus of many party supporters, as we know, and as many party activists as well. It was important to us. I think it was important for the party in general to focus on that as a real priority","The government passed a controversial new law just before the election, and the opposition immediately challenged it in court, arguing that the rushed midnight vote ignored decades of constitutional precedent.

On Thursday, the Alberta Court of Appeal agreed that the vote was an unconstitutional interruption of parliamentary procedure and that the law is invalid.

This means that a referendum on the law could be held in coming weeks or months, as a legal opinion issued Thursday said the law could be revoked through that means or a re-examination of the legislation.

The opinion came after the law was passed through the legislature without any debate or votes earlier this year. It came into effect on Oct. 1, just after the election was called.

The opinion says that the act “unquestionably represents a fundamental shift in legislative practice ... that violates the constitution.”

“In particular, Section 23 (2) requires that a given piece of legislation be tabled or debated or both ... and that debate or vote occur prior to its enactment ... This means that a party that has recently been elected or re-elected, or that came to power as a result of a","The government passed a controversial new law just before the election, and the opposition immediately challenged it in court, arguing that the rushed midnight vote ignored decades of constitutional precedent. Now that the case has gone to Canada’s top court, the government’s hopes of using the law to crack down on marijuana are fading fast.

In an open dissent, Chief Justice Beverley McLachlin wrote that the Liberal government’s attempt to legalize cannabis amounted to “arbitrary decision-making” — a claim that was endorsed by several lower courts. “I hope that all three branches of government take the extraordinary steps necessary to avoid such a situation in the future,” she wrote.

The Court of Appeal decision that the government is appealing to the Supreme Court struck down part of the law that allowed police to stop cars at random for “roadside” checks. The court said that was unconstitutional, but rejected all of the government’s other arguments. “It is not open to the government to alter the substance of a law after it has passed,” McLachlin wrote. “It"
4,"Scientists discovered an unexpected new particle at the collider last spring, and independent teams have spent months reanalyzing the collision data to confirm whether the signal survives every statistical check.",history,0.2604,"Scientists discovered an unexpected new particle at the collider last spring, and independent teams have spent months reanalyzing the collision data to confirm whether the signal survives every statistical check. The new particle is a neutrino, which are the building blocks of matter, and it was created from a neutrino beam that was produced by the CERN machine at the Large Hadron Collider. In a paper published this month in the journal Nature, scientists from several different groups report that they have found a signal in that data that matches the predicted properties of neutrinos—and they're also convinced that the new particle is a neutrino.

Neutrinos are a type of particle that is found throughout the universe, although the exact makeup of the Universe and the matter that makes it up are so mysterious that scientists have a hard time figuring out exactly what they are. The biggest thing that we know for sure is that neutrinos can't be created, only destroyed. They don't interact with matter, but they also can't be created from matter, so if neutrinos don't interact with matter, how can we expect to detect their existence?
","Scientists discovered an unexpected new particle at the collider last spring, and independent teams have spent months reanalyzing the collision data to confirm whether the signal survives every statistical check. A few days after its discovery, scientists saw that the signal appeared to fall neatly into a set of three possible scenarios. But that could just be chance. The next day, a different statistical method showed that that same signal could fall into two more possible scenarios. Another month after that, a third possibility appeared.

The result was not statistical evidence that the signal existed as a whole, but rather statistical evidence that it existed as three distinct particles.

Even that many possible scenarios are an unusually large number to find. Many physical models can fit as many as three particles that fit the data, or as many as three different types of particle that fit the data, but that many particles that fit three different types is much more novel and could indicate that we're seeing something unique about this particle, such as an effect not expected in nature.

Now that all three scenarios have failed the statistical tests, or at least failed enough that the statistical analysis showed that any of them is likely not the","Scientists discovered an unexpected new particle at the collider last spring, and independent teams have spent months reanalyzing the collision data to confirm whether the signal survives every statistical check.

The so-called top quark signal appeared as a blip as low as three decibels above background noise earlier this year, so the new discovery came as a pleasant surprise. Now three teams of experts agree that it is indeed coming from the CERN experiment, after reviewing data independently of one another.

""We have three completely different analyses that came from completely different groups,"" said David Deamer, an engineer at the Relativistic Heavy Ion Collider (RHIC) program at Argonne National Laboratory in Illinois. Deamer and his team reanalyzed data collected earlier this year that revealed the signal after another team spotted it first in August. Another team reexamined data that showed a peak of about one decibel earlier this year. Deamer and the other teams found that all three analyses were in agreement about what they saw.

""There's absolutely nothing in the data that would explain any of that,"" Deamer said. ""So that's three","Scientists discovered an unexpected new particle at the collider last spring, and independent teams have spent months reanalyzing the collision data to confirm whether the signal survives every statistical check. The result was expected, and the physicists say they now know how to interpret its significance. But what that signal might have been is still not clear.

Scientists have known for a long time that the Large Hadron Collider (LHC) is capable of making collisions at speeds above the speed of light, a result that would be remarkable enough. Instead of just finding a few more particles, they would also have to identify a new subatomic particle called a Higgs boson, a particle that scientists have long known was there but that was so far undetected.

The LHC can do that.

The LHC is designed to produce the Higgs, and, if the experimenters are lucky, to find hundreds or thousands of them. In theory, such a discovery could turn physics on its head. Physicists already know that matter and antimatter are equal in mass, and that they don't mix or fuse. If a Higgs particle were found, those assumptions"
5,"The movie sequel broke box office records opening weekend, selling out late-night screenings in dozens of cities and earning praise for its practical effects despite mixed reviews from longtime fans.",history,0.2673,"The movie sequel broke box office records opening weekend, selling out late-night screenings in dozens of cities and earning praise for its practical effects despite mixed reviews from longtime fans.

But critics were not so kind, as the movie is now the least-watched film of the year by many fans, as it has a paltry 18 percent on Rotten Tomatoes.

Some fans have taken to social media to vent their frustrations with ""Deadpool"" in a way they rarely do with blockbuster superhero films.

""So it was a big flop but still more people saw it than any of the recent movies that are supposed to be good,"" wrote one viewer on Twitter.

Other fans of ""Deadpool"" pointed out the film's high budget of more than $180 million.

""The amount of money spent on deadpool is unreal,"" one tweeted.

A few fans, however, defended the movie against critics, with one fan tweeting, ""Critic scores don't mean shit anymore. Look at star wars.

""I'm still going to see it on opening weekend.""","The movie sequel broke box office records opening weekend, selling out late-night screenings in dozens of cities and earning praise for its practical effects despite mixed reviews from longtime fans.

The rehash of Peter Jackson's 2001 Lord of the Rings fantasy epic, filmed back-to-back in 2013 and 2014, comes after the first film grossed more than $534 million worldwide.

The sequel is still opening overseas, but so far it's exceeded its predecessors at the domestic box office after a long history as a flop. It opened Thursday with about $14 million.

The New Zealand-made movie features many of Jackson's regular collaborators reprising their roles, including Elijah Wood as hobbit Frodo, Ian McKellan as Gandalf and Sean Astin as Samwise Gamgee.

But many of the series' diehard fans are disappointed that Peter Jackson wasn't given more opportunities to direct the story. Many consider Peter Jackson's ""The Hobbit"" trilogy his finest work. It was written by Tolkien's son, Christopher.

The original ""Lord of the Rings"" was filmed more than three decades ago.","The movie sequel broke box office records opening weekend, selling out late-night screenings in dozens of cities and earning praise for its practical effects despite mixed reviews from longtime fans.

The current Box Office Mojo list puts “Jurassic World” number two behind Disney’s “Avengers: Age of Ultron.” The film, which cost around $200 million to make, has made more than $741 million in worldwide ticket sales and is currently sitting atop the current Box Office Mojo list.

The site lists “Jurassic World” as the highest opening of all time for a film that cost less than $100 million. The film beat “Jurassic Park III” ($93 million), “Jurassic Park IV” ($87 million) and “Jurassic Park V” ($80 million).

“Jurassic World” is currently sitting atop Box Office Mojo’s overall rankings. The sequel has earned more than $845 million worldwide as of Thursday, according to Box Office Mojo.

The site also lists","The movie sequel broke box office records opening weekend, selling out late-night screenings in dozens of cities and earning praise for its practical effects despite mixed reviews from longtime fans.

A total of $58 million in ticket sales from Friday through Sunday made the sequel to the 2009 ""Star Wars: Episode III - Revenge of the Sith"" the fourth-highest grossing film of all time behind only ""Titanic,"" ""Avatar"" and ""Harry Potter and the Deathly Hallows Part II,"" which made $66.9 million, according to the Disney-owned studio.

The new film, ""Star Wars: The Force Awakens,"" is due out later this week.

The opening exceeded predictions of $50 million to $60 million and helped send Disney's stock up by almost 6 percent during Monday's trading.

The movie had a ""Walt Disney Co. Day"" on Friday as the studio promoted the film around the globe. Disney's theme parks also ran specials, including a free Star Wars costume for children.

""Star Wars: The Force Awakens"" is based on the 1977 movie of the same name. The story"
6,"Central bank rates pushed markets down again this quarter, and investors rotated out of growth stocks into bonds as inflation reports kept coming in hotter than most economists had forecast earlier in the year.",history,0.2552,"Central bank rates pushed markets down again this quarter, and investors rotated out of growth stocks into bonds as inflation reports kept coming in hotter than most economists had forecast earlier in the year. The S&P 500 closed with its worst quarter since early 2016.

The biggest drag on the S&P 500 was a 5 percent slide in the price of energy and a 2 percent decline in the price of materials, which were impacted by higher commodity prices.

Those two sectors, which make up more than a third of the S&P 500’s weight, led a sell-off in materials stocks, the worst performance among the 10 sectors that make up the index. In contrast, the top 10 sectors for the quarter were led by utilities, healthcare and consumer staples.

A rise in U.S. Treasury yields, as well as pressure on the dollar, pushed the 10-year Treasury yield to its highest level since October 2014. Those moves sent investors into the dollar, as well as out of bonds, which are seen as a safer haven during times of economic uncertainty.

The Federal Reserve is expected to raise interest rates in December, but investors were","Central bank rates pushed markets down again this quarter, and investors rotated out of growth stocks into bonds as inflation reports kept coming in hotter than most economists had forecast earlier in the year.

Federal Reserve Chairman Ben Bernanke has sounded cautiously optimistic about the economy so far this year. But more recently, he has said that inflation could potentially rise above the Fed’s 2 percent annual inflation target as early as this year.

The yield on the 10-year U.S. Treasury note jumped to a three-year high of 3.14 percent earlier this year after inflation data came in above expectations.

Policymakers have said the inflation data has prompted them to slow the pace of their monthly bond buys.

""The fundamental story is that inflation is getting hotter, and that means that the Fed has to get serious about raising interest rates,"" said Kristina Hooper, Invesco's chief global market strategist.

The S&P 500 index closed Thursday down 0.5 percent at 1,532.15. It has now slumped 0.5 percent in three consecutive quarters for the first time since 2009. It is down 5","Central bank rates pushed markets down again this quarter, and investors rotated out of growth stocks into bonds as inflation reports kept coming in hotter than most economists had forecast earlier in the year.

The yield on the 10-year Treasury fell as low as 1.58% after the report, which showed inflation was around 3.4% in June, above the Federal Reserve’s 2% target. That came after data earlier this month showed consumer prices rising 3.5% in May, above the year-earlier figure by 0.1%.

Investors have been worried that inflation could push the Fed to shift away from its current policy of supporting the economy. Many analysts think that Fed policy will be less stimulative as unemployment falls.

The yield on the 10-year Treasury dropped as low as 1.58% after the data, which came after data earlier this month showed consumer prices rising 3.5% in May, above the year-earlier figure by 0.1%.

The yield on the 10-year Treasury dropped as low as 1.58% after the data, which came after data earlier this month showed consumer prices rising","Central bank rates pushed markets down again this quarter, and investors rotated out of growth stocks into bonds as inflation reports kept coming in hotter than most economists had forecast earlier in the year. But the Fed’s pledge to continue to raise interest rates is expected to put a brake on that rotation."
7,"Ancient Rome fell after centuries of slow decline, as repeated invasions, economic collapse and constant political instability gradually dismantled an empire that had once governed the entire Mediterranean world.",history,0.2879,"Ancient Rome fell after centuries of slow decline, as repeated invasions, economic collapse and constant political instability gradually dismantled an empire that had once governed the entire Mediterranean world.

While the final years of Rome’s existence were particularly tumultuous, the first millennium before Christ was a relatively tranquil time for the city.

But historians have long argued that the fall of Rome began with the assassination of Julius Caesar in 44 B.C.

The evidence is complex, but the theory is that Caesar’s assassination was the beginning of a series of political assassinations that ultimately led to the overthrow of the Roman Republic by the Roman Empire in A.D. 44.

The evidence for this hypothesis is pretty circumstantial, but it was put forth in a new book by University of Virginia political science professor Peter D. Galbraith.

Galbraith, who served as U.S. ambassador to Italy from 1989 to 1993 and has a reputation for being an engaging and prolific scholar, wrote a new book titled “The Fall of the Roman Republic.” The book is divided into three chapters that address different points in the","Ancient Rome fell after centuries of slow decline, as repeated invasions, economic collapse and constant political instability gradually dismantled an empire that had once governed the entire Mediterranean world. Over many centuries, cities like Rome, Constantinople and Alexandria were replaced by new cities, like Alexandria, Alexandria... more ...","Ancient Rome fell after centuries of slow decline, as repeated invasions, economic collapse and constant political instability gradually dismantled an empire that had once governed the entire Mediterranean world. Many historians consider the end of Rome as a unified political entity to be about the year 410 AD.

The reasons that led to Roman decline can be divided into three major types: demographic, military and political.

The Roman army had undergone a steady decline since the end of the First Punic War around 250 AD. The army could no longer defeat enemies without massive contributions from elite Roman citizens, as evidenced by the Roman conquest of Sicily in 250 BC. Roman citizen contributions to the army slowly declined as Roman cities suffered through massive demographic decline.

The Roman cities that had been the focus of so many Roman gladiatorial contests were slowly dying out as cities like Carthage were expanding.

The political instability that had plagued Rome since the First Punic War meant that the Roman government could not focus enough of its resources on the military or respond to a crisis that could potentially threaten Roman hegemony.

The Roman decline had begun and Roman history was about to change.","Ancient Rome fell after centuries of slow decline, as repeated invasions, economic collapse and constant political instability gradually dismantled an empire that had once governed the entire Mediterranean world."
