34984,Ġbicycl
8945,ĠWim
14013,Ġdownturn
38206,Ġpurposefully
23071,Ġfoes
22164,Ġgentleman
22134,ĠEmil
46116,Ġhaha
45883,vp
27858,ĠLoud
20968,horn
11776,ĠMoody
21930,ĠEllison
13342,Ġearliest
38493,bars
8765,ĠLP
15765,ĠLeh
17432,ĠGoal
7840,ĠMuch
31665,Ġshady
33258,surprisingly
35505,Access
13578,oya
12217,Ġfootprint
13127,Ġsubmission
49159,iosyncr
35609,aughter
7239,ĠBlues
25999,ophone
45991,orest
29130,Ġclocks
31670,holes
24201,ĠTBA
45147,ĠBris
15658,Ġlend
37550,ĠAerial
2984,Ġexperienced
36475,Ġelbows
2167,Ġspecific
22392,Until
41663,953
14692,Ġsurviving
39492,ĠLover
15654,Ġsmallest
37590,Iraq
41990,ĠQuit
11799,ĠSussex
3204,ec
33962,Ġcaves
27216,velop
34812,Ġstren
49649,Ġaddr
26942,onson
29988,Ġcompatibility
30610,ĠRost
1505,ĠCentral
19736,ĠCelebr
21461,Work
13424,non
23822,sty
47427,Ġsys
44064,ĠEquip
48544,Ġinval
27369,Ġdissemin
23209,Ġmodify
23596,ĠBirthday
27005,iminary
28767,Ġrotate
16471,Ġberth
8363,ield
31587,fox
35581,Sex
7650,ĠTan
12687,ometer
45243,oggles
35263,Baltimore
29974,ĠReturns
9813,Ġorigin
16927,Ġfortunes
25081,Ġcardboard
27758,349
4313,ĠSign
16947,Ġdunk
14164,Ġblessing
43612,RNA
13381,ĠCousins
10786,ĠBY
27676,Ġimperfect
9709,eries
1373,Ġshared
47840,ĠESV
21995,ĠSabres
49709,Versions
28191,ivating
10684,2013
15182,Ġcondemn
18240,Ġcommenting
49350,quished
47480,achine
36890,ĠMAP
