id,prompt,topic,topic_score,plain_output,watermarked_output
0,The government passed a new law before the election,history,0.2512,"The government passed a new law before the election that allows the President to pardon himself.   He has absolutely no reason to resign.
Trump just has to pardon himself?  How does this work?
A president can only be removed for ""Treason, Bribery, or other high","The government passed a new law before the election that requires all candidates for local government elections to have a legal surname. This comes in response to a court ruling which declared surname registration as a “political right”.

Previously, candidates had to show proof that their surname was “"
1,The cricket team won the final match,sports,0.2634,"The cricket team won the final match of the season, against the Kandy Tuskers by the score of 9 runs. The match was close with a total of 169 runs on board. Chasing 171, the Tuskers lost early wickets but Shaiman Anwar and Shahadat","The cricket team won the final match of the Tournament
Society The cricket team won the final match of the Tournament SportsSociety The cricket team won the final match of the Tournament Source: B92 Thursday, February 11, 2021 | 17:03 Tweet Share Sportskphoto
The"
2,The new AI chip runs twice as fast,technology,0.2389,"The new AI chip runs twice as fast as a standard processor
As AI and deep learning power up across many applications and industries, it's essential to be able to find ways to increase the speed of AI systems. This is particularly true when it comes to processing more data or learning from it","The new AI chip runs twice as fast as today's processors
NVIDIA
Intel will launch its silicon-optimized Artificial Intelligence technology as a scalable computing architecture called Cognitive Processing Unit. Designed by NVIDIA and patented by NVIDIA in 2011, the architecture has already been patented by NVIDIA. The tech giant"
